id;login;first_name;last_name;email;image_url;activated;lang_key
1;"YMtCTL";Crawford;Nicolas;Chaya_Doyle@hotmail.com;questionably;false;woefully e
2;"D@3MD\hDkvKV";Maye;Bahringer;Russell61@hotmail.com;brr off unless;true;unless bel
3;"2-.";Heber;Carter;Gisselle99@yahoo.com;green;false;apropos
4;"u^g8Rs@c\2ZInfoG\tGEy07\`lRfLoE\1KW";Gregory;Mitchell;Abby.Hane@gmail.com;afore regenerate;true;cruelly as
5;"bJdDa";Luciano;Greenfelder;Kayla.Wiza58@yahoo.com;bleakly wind;true;ha stanch
6;"F@eddz\5F\=6v-\Ixdd\POd9uX\7k5HWI";Royce;Jaskolski;Ashley.Schuppe33@hotmail.com;once;true;gabble sep
7;"gjs";Maia;Runte;Dayne.Morissette@gmail.com;exhibit;false;despite
8;"e@BneP7R\yIqL\loAcK5";Theo;Hahn;Ashleigh_Flatley94@hotmail.com;gadzooks provided;true;among fill
9;"3NOeW";Eliza;Parker;Donnie_Grimes71@hotmail.com;times;true;almost for
10;"lgx-x";Samanta;Haley-Moen;Vivien_Streich30@gmail.com;off defray host;true;above rigi
